{
  "optimization_summary": {
    "best_fitness": 13277139.903013736
  },
  "optimal_plan": {
    "fitness": 13277139.903013736,
    "cut_volume_m3": 48886.3046875,
    "fill_volume_m3": 162993.59375,
    "environmental_score": 30.40983372049897,
    "path": [
      [
        274045.2,
        2101744.5
      ],
      [
        275396.7321643506,
        2100717.740170693
      ],
      [
        275967.72735108953,
        2100309.8577182987
      ],
      [
        277876.0090030417,
        2098885.97862474
      ],
      [
        278531.4243566379,
        2098385.610801963
      ],
      [
        280311.0634686508,
        2097598.5991221005
      ],
      [
        280404.9014345487,
        2097573.5420924076
      ],
      [
        280664.99970177317,
        2097634.598025583
      ],
      [
        282288.7040355524,
        2098630.508184829
      ],
      [
        283269.49173669145,
        2099155.438004298
      ],
      [
        284004.6285676612,
        2099559.8597639175
      ],
      [
        284359.8694821508,
        2099607.097670557
      ],
      [
        285834.2884011582,
        2099321.050089221
      ],
      [
        286723.12546827603,
        2099183.550813724
      ],
      [
        288827.8916527168,
        2099232.2475793823
      ],
      [
        288827.8916527168,
        2099228.3690410187
      ],
      [
        289247.73827407334,
        2098905.4553626883
      ],
      [
        290983.15849418193,
        2097286.3340034494
      ],
      [
        291741.3789473684,
        2096386.197549746
      ],
      [
        292724.5,
        2095160.0
      ]
    ]
  },
  "top_5_alignments": [
    {
      "rank": 1,
      "fitness": 13277139.903013736,
      "cut_volume_m3": 48886.3046875,
      "fill_volume_m3": 162993.59375,
      "environmental_score": 30.40983372049897,
      "path": [
        [
          274045.2,
          2101744.5
        ],
        [
          275396.7321643506,
          2100717.740170693
        ],
        [
          275967.72735108953,
          2100309.8577182987
        ],
        [
          277876.0090030417,
          2098885.97862474
        ],
        [
          278531.4243566379,
          2098385.610801963
        ],
        [
          280311.0634686508,
          2097598.5991221005
        ],
        [
          280404.9014345487,
          2097573.5420924076
        ],
        [
          280664.99970177317,
          2097634.598025583
        ],
        [
          282288.7040355524,
          2098630.508184829
        ],
        [
          283269.49173669145,
          2099155.438004298
        ],
        [
          284004.6285676612,
          2099559.8597639175
        ],
        [
          284359.8694821508,
          2099607.097670557
        ],
        [
          285834.2884011582,
          2099321.050089221
        ],
        [
          286723.12546827603,
          2099183.550813724
        ],
        [
          288827.8916527168,
          2099232.2475793823
        ],
        [
          288827.8916527168,
          2099228.3690410187
        ],
        [
          289247.73827407334,
          2098905.4553626883
        ],
        [
          290983.15849418193,
          2097286.3340034494
        ],
        [
          291741.3789473684,
          2096386.197549746
        ],
        [
          292724.5,
          2095160.0
        ]
      ]
    },
    {
      "rank": 2,
      "fitness": 13280064.766431777,
      "cut_volume_m3": 111455.125,
      "fill_volume_m3": 155871.796875,
      "environmental_score": 30.38878613296606,
      "path": [
        [
          274045.2,
          2101744.5
        ],
        [
          275396.7321643506,
          2100717.740170693
        ],
        [
          275967.72735108953,
          2100309.8577182987
        ],
        [
          277876.0090030417,
          2098885.97862474
        ],
        [
          278531.4243566379,
          2098385.610801963
        ],
        [
          280311.0634686508,
          2097598.5991221005
        ],
        [
          280404.9014345487,
          2097573.5420924076
        ],
        [
          280664.99970177317,
          2097634.598025583
        ],
        [
          282507.86703628255,
          2098575.4690615465
        ],
        [
          283269.49173669145,
          2099155.438004298
        ],
        [
          284004.6285676612,
          2099559.8597639175
        ],
        [
          284359.8694821508,
          2099607.097670557
        ],
        [
          285834.2884011582,
          2099321.050089221
        ],
        [
          286723.12546827603,
          2099183.550813724
        ],
        [
          288827.8916527168,
          2099232.2475793823
        ],
        [
          288827.8916527168,
          2099228.3690410187
        ],
        [
          289247.73827407334,
          2098905.4553626883
        ],
        [
          290983.15849418193,
          2097286.3340034494
        ],
        [
          291741.3789473684,
          2096386.197549746
        ],
        [
          292724.5,
          2095160.0
        ]
      ]
    },
    {
      "rank": 3,
      "fitness": 13281337.676465867,
      "cut_volume_m3": 111455.84375,
      "fill_volume_m3": 155999.234375,
      "environmental_score": 30.3885433656383,
      "path": [
        [
          274045.2,
          2101744.5
        ],
        [
          275396.7321643506,
          2100717.740170693
        ],
        [
          275967.72735108953,
          2100309.8577182987
        ],
        [
          277572.4247452394,
          2099177.513326636
        ],
        [
          278531.4243566379,
          2098385.610801963
        ],
        [
          280311.0634686508,
          2097598.5991221005
        ],
        [
          280404.9014345487,
          2097573.5420924076
        ],
        [
          280664.99970177317,
          2097634.598025583
        ],
        [
          282507.86703628255,
          2098575.4690615465
        ],
        [
          283269.49173669145,
          2099155.438004298
        ],
        [
          284004.6285676612,
          2099559.8597639175
        ],
        [
          284359.8694821508,
          2099607.097670557
        ],
        [
          285834.2884011582,
          2099321.050089221
        ],
        [
          286723.12546827603,
          2099183.550813724
        ],
        [
          288827.8916527168,
          2099232.2475793823
        ],
        [
          288827.8916527168,
          2099228.3690410187
        ],
        [
          289247.73827407334,
          2098905.4553626883
        ],
        [
          290983.15849418193,
          2097286.3340034494
        ],
        [
          291741.3789473684,
          2096386.197549746
        ],
        [
          292724.5,
          2095160.0
        ]
      ]
    },
    {
      "rank": 4,
      "fitness": 13282030.241505353,
      "cut_volume_m3": 111456.25,
      "fill_volume_m3": 155917.640625,
      "environmental_score": 30.388580067143714,