{
  "optimization_summary": {
    "best_fitness": 13929178.531183118
  },
  "optimal_plan": {
    "fitness": 13929178.531183118,
    "cut_volume_m3": 112958.8671875,
    "fill_volume_m3": 130293.609375,
    "environmental_score": 38.16147501077731,
    "path": [
      [
        274045.2,
        2101744.5
      ],
      [
        274836.08540774754,
        2101857.2806874644
      ],
      [
        275328.89117323124,
        2101896.1738119232
      ],
      [
        276686.6175485796,
        2102063.4865030292
      ],
      [
        276738.4856199307,
        2102041.1202202146
      ],
      [
        278962.4941021854,
        2102598.0063484586
      ],
      [
        280564.8427944477,
        2103111.260415312
      ],
      [
        280564.8427944477,
        2103098.849723776
      ],
      [
        281036.5770795042,
        2103325.6104664626
      ],
      [
        281962.34978585195,
        2103507.9826003634
      ],
      [
        285025.84720322647,
        2103709.5096448804
      ],
      [
        285971.59475247585,
        2103683.6129267844
      ],
      [
        286590.0797609474,
        2103553.4561076844
      ],
      [
        286739.7703217766,
        2103455.7162457476
      ],
      [
        287365.9699456132,
        2102802.300852206
      ],
      [
        288727.06055749505,
        2101227.276753873
      ],
      [
        289164.86930549395,
        2100762.2337176083
      ],
      [
        290553.14807834476,
        2099361.4651001752
      ],
      [
        290686.23753109906,
        2099215.7445709645
      ],
      [
        292724.5,
        2095160.0
      ]
    ]
  },
  "top_5_alignments": [
    {
      "rank": 1,
      "fitness": 13929178.531183118,
      "cut_volume_m3": 112958.8671875,
      "fill_volume_m3": 130293.609375,
      "environmental_score": 38.16147501077731,
      "path": [
        [
          274045.2,
          2101744.5
        ],
        [
          274836.08540774754,
          2101857.2806874644
        ],
        [
          275328.89117323124,
          2101896.1738119232
        ],
        [
          276686.6175485796,
          2102063.4865030292
        ],
        [
          276738.4856199307,
          2102041.1202202146
        ],
        [
          278962.4941021854,
          2102598.0063484586
        ],
        [
          280564.8427944477,
          2103111.260415312
        ],
        [
          280564.8427944477,
          2103098.849723776
        ],
        [
          281036.5770795042,
          2103325.6104664626
        ],
        [
          281962.34978585195,
          2103507.9826003634
        ],
        [
          285025.84720322647,
          2103709.5096448804
        ],
        [
          285971.59475247585,
          2103683.6129267844
        ],
        [
          286590.0797609474,
          2103553.4561076844
        ],
        [
          286739.7703217766,
          2103455.7162457476
        ],
        [
          287365.9699456132,
          2102802.300852206
        ],
        [
          288727.06055749505,
          2101227.276753873
        ],
        [
          289164.86930549395,
          2100762.2337176083
        ],
        [
          290553.14807834476,
          2099361.4651001752
        ],
        [
          290686.23753109906,
          2099215.7445709645
        ],
        [
          292724.5,
          2095160.0
        ]
      ]
    },
    {
      "rank": 2,
      "fitness": 13931196.711972779,
      "cut_volume_m3": 112958.3046875,
      "fill_volume_m3": 130293.3125,
      "environmental_score": 38.507303449079,
      "path": [
        [
          274045.2,
          2101744.5
        ],
        [
          274836.08540774754,
          2101857.2806874644
        ],
        [
          275328.89117323124,
          2101896.1738119232
        ],
        [
          276686.6175485796,
          2102063.4865030292
        ],
        [
          276738.4856199307,
          2102041.1202202146
        ],
        [
          278962.4941021854,
          2102598.0063484586
        ],
        [
          280564.8427944477,
          2103111.260415312
        ],
        [
          280564.8427944477,
          2103098.849723776
        ],
        [
          281036.5770795042,
          2103325.6104664626
        ],
        [
          281962.34978585195,
          2103507.9826003634
        ],
        [
          285025.84720322647,
          2103709.5096448804
        ],
        [
          285971.59475247585,
          2103683.6129267844
        ],
        [
          286590.0797609474,
          2103553.4561076844
        ],
        [
          286739.7703217766,
          2103455.7162457476
        ],
        [
          287365.9699456132,
          2102802.300852206
        ],
        [
          288759.1118520446,
          2101301.6507867314
        ],
        [
          289164.86930549395,
          2100762.2337176083
        ],
        [
          290553.14807834476,
          2099361.4651001752
        ],
        [
          290686.23753109906,
          2099215.7445709645
        ],
        [
          292724.5,
          2095160.0
        ]
      ]
    },
    {
      "rank": 3,
      "fitness": 13933255.522525508,
      "cut_volume_m3": 112957.1640625,
      "fill_volume_m3": 130314.2421875,
      "environmental_score": 38.1302024412693,
      "path": [
        [
          274045.2,
          2101744.5
        ],
        [
          274836.08540774754,
          2101857.2806874644
        ],
        [
          275328.89117323124,
          2101896.1738119232
        ],
        [
          276686.6175485796,
          2102063.4865030292
        ],
        [
          276738.4856199307,
          2102041.1202202146
        ],
        [
          278962.4941021854,
          2102598.0063484586
        ],
        [
          280564.8427944477,
          2103111.260415312
        ],
        [
          280564.8427944477,
          2103098.849723776
        ],
        [
          281036.5770795042,
          2103325.6104664626
        ],
        [
          281962.34978585195,
          2103507.9826003634
        ],
        [
          285025.84720322647,
          2103709.5096448804
        ],
        [
          286314.44955384085,
          2103503.5600531846
        ],
        [
          286590.0797609474,
          2103553.4561076844
        ],
        [
          286739.7703217766,
          2103455.7162457476
        ],
        [
          287365.9699456132,
          2102802.300852206
        ],
        [
          288727.06055749505,
          2101227.276753873
        ],
        [
          289164.86930549395,
          2100762.2337176083
        ],
        [
          290553.14807834476,
          2099361.4651001752
        ],
        [
          290686.23753109906,
          2099215.7445709645
        ],
        [
          292724.5,
          2095160.0
        ]
      ]
    },
    {
      "rank": 4,
      "fitness": 13934591.786430478,
      "cut_volume_m3": 112956.640625,
      "fill_volume_m3": 129994.109375,
      "environmental_score": 38.15960343169366,