{
  "optimization_summary": {
    "best_fitness": 14388357.375156816
  },
  "optimal_plan": {
    "fitness": 14388357.375156816,
    "cut_volume_m3": 98882.953125,
    "fill_volume_m3": 132849.6875,
    "environmental_score": 45.362817275259516,
    "path": [
      [
        274045.2,
        2101744.5
      ],
      [
        275097.4389760258,
        2101941.067032945
      ],
      [
        275233.5087529309,
        2101939.40674981
      ],
      [
        277463.963808849,
        2102578.7877290277
      ],
      [
        278093.01175390213,
        2102745.9754231037
      ],
      [
        278228.90747702867,
        2102879.692673384
      ],
      [
        278369.5648064713,
        2102901.9703579703
      ],
      [
        280781.3401744118,
        2103758.8254034063
      ],
      [
        281593.7337457765,
        2104106.967850605
      ],
      [
        282924.7076000113,
        2104394.444856008
      ],
      [
        284877.04336011695,
        2104558.895326831
      ],
      [
        285506.9401064805,
        2104461.6060398584
      ],
      [
        285522.62034952745,
        2104425.449627738
      ],
      [
        287781.84784062544,
        2103101.6185634295
      ],
      [
        287781.84784062544,
        2103107.593807174
      ],
      [
        287934.1167003901,
        2102979.185553281
      ],
      [
        289543.08529460256,
        2100819.6909079254
      ],
      [
        290647.8627524527,
        2099044.0610057972
      ],
      [
        291882.9765814762,
        2096819.0519507471
      ],
      [
        292724.5,
        2095160.0
      ]
    ]
  },
  "top_5_alignments": [
    {
      "rank": 1,
      "fitness": 14388357.375156816,
      "cut_volume_m3": 98882.953125,
      "fill_volume_m3": 132849.6875,
      "environmental_score": 45.362817275259516,
      "path": [
        [
          274045.2,
          2101744.5
        ],
        [
          275097.4389760258,
          2101941.067032945
        ],
        [
          275233.5087529309,
          2101939.40674981
        ],
        [
          277463.963808849,
          2102578.7877290277
        ],
        [
          278093.01175390213,
          2102745.9754231037
        ],
        [
          278228.90747702867,
          2102879.692673384
        ],
        [
          278369.5648064713,
          2102901.9703579703
        ],
        [
          280781.3401744118,
          2103758.8254034063
        ],
        [
          281593.7337457765,
          2104106.967850605
        ],
        [
          282924.7076000113,
          2104394.444856008
        ],
        [
          284877.04336011695,
          2104558.895326831
        ],
        [
          285506.9401064805,
          2104461.6060398584
        ],
        [
          285522.62034952745,
          2104425.449627738
        ],
        [
          287781.84784062544,
          2103101.6185634295
        ],
        [
          287781.84784062544,
          2103107.593807174
        ],
        [
          287934.1167003901,
          2102979.185553281
        ],
        [
          289543.08529460256,
          2100819.6909079254
        ],
        [
          290647.8627524527,
          2099044.0610057972
        ],
        [
          291882.9765814762,
          2096819.0519507471
        ],
        [
          292724.5,
          2095160.0
        ]
      ]
    },
    {
      "rank": 2,
      "fitness": 14414816.733128814,
      "cut_volume_m3": 98870.265625,
      "fill_volume_m3": 133261.078125,
      "environmental_score": 45.37174331714313,
      "path": [
        [
          274045.2,
          2101744.5
        ],
        [
          275097.4389760258,
          2101941.067032945
        ],
        [
          275233.5087529309,
          2101939.40674981
        ],
        [
          277463.963808849,
          2102578.7877290277
        ],
        [
          278093.01175390213,
          2102745.9754231037
        ],
        [
          278228.90747702867,
          2102879.692673384
        ],
        [
          278369.5648064713,
          2102901.9703579703
        ],
        [
          280781.3401744118,
          2103758.8254034063
        ],
        [
          281593.7337457765,
          2104106.967850605
        ],
        [
          282924.7076000113,
          2104394.444856008
        ],
        [
          284877.04336011695,
          2104558.895326831
        ],
        [
          284877.04336011695,
          2104608.728003078
        ],
        [
          285522.62034952745,
          2104425.449627738
        ],
        [
          287781.84784062544,
          2103101.6185634295
        ],
        [
          287781.84784062544,
          2103107.593807174
        ],
        [
          287934.1167003901,
          2102979.185553281
        ],
        [
          289543.08529460256,
          2100819.6909079254
        ],
        [
          290647.8627524527,
          2099044.0610057972
        ],
        [
          291882.9765814762,
          2096819.0519507471
        ],
        [
          292724.5,
          2095160.0
        ]
      ]
    },
    {
      "rank": 3,
      "fitness": 14419583.524442386,
      "cut_volume_m3": 107905.625,
      "fill_volume_m3": 131496.359375,
      "environmental_score": 46.39054670917256,
      "path": [
        [
          274045.2,
          2101744.5
        ],
        [
          275097.4389760258,
          2101941.067032945
        ],
        [
          275233.5087529309,
          2101939.40674981
        ],
        [
          277463.963808849,
          2102578.7877290277
        ],
        [
          278093.01175390213,
          2102745.9754231037
        ],
        [
          278228.90747702867,
          2102879.692673384
        ],
        [
          278369.5648064713,
          2102901.9703579703
        ],
        [
          280781.3401744118,
          2103758.8254034063
        ],
        [
          281593.7337457765,
          2104106.967850605
        ],
        [
          282924.7076000113,
          2104394.444856008
        ],
        [
          284877.04336011695,
          2104558.895326831
        ],
        [
          284877.04336011695,
          2104608.728003078
        ],
        [
          285522.62034952745,
          2104425.449627738
        ],
        [
          287781.84784062544,
          2103101.6185634295
        ],
        [
          287781.84784062544,
          2103107.593807174
        ],
        [
          287934.1167003901,
          2102979.185553281
        ],
        [
          289543.08529460256,
          2100819.6909079254
        ],
        [
          290160.5018451433,
          2099660.6603202615
        ],
        [
          291882.9765814762,
          2096819.0519507471
        ],
        [
          292724.5,
          2095160.0
        ]
      ]
    },
    {
      "rank": 4,
      "fitness": 14426831.814923551,
      "cut_volume_m3": 107902.34375,
      "fill_volume_m3": 133451.703125,
      "environmental_score": 46.36700626735476,