{
  "optimization_summary": {
    "best_fitness": 13533032.149605686
  },
  "optimal_plan": {
    "fitness": 13533032.149605686,
    "cut_volume_m3": 231281.75,
    "fill_volume_m3": 155393.625,
    "environmental_score": 42.21627236795639,
    "path": [
      [
        274045.2,
        2101744.5
      ],
      [
        275191.31176191365,
        2101872.974246787
      ],
      [
        275551.868111155,
        2101905.4834491885
      ],
      [
        277717.6238786354,
        2102679.2680417304
      ],
      [
        278085.628519868,
        2102747.9118604283
      ],
      [
        278113.905866464,
        2102735.097594916
      ],
      [
        279713.3029329382,
        2103582.6549628694
      ],
      [
        279713.3029329382,
        2103565.096364208
      ],
      [
        280725.05440509785,
        2103546.8939132933
      ],
      [
        281016.23634813883,
        2103624.2972685755
      ],
      [
        283407.8759749455,
        2103682.8964002687
      ],
      [
        284441.46428094635,
        2103194.745573354
      ],
      [
        286400.30089260027,
        2102223.4137858828
      ],
      [
        286911.1514022305,
        2101858.846628451
      ],
      [
        288074.5436125977,
        2100654.987388065
      ],
      [
        289138.78671235597,
        2099354.6235781787
      ],
      [
        289371.46928224573,
        2099046.055083905
      ],
      [
        290003.61631727347,
        2098404.0789753506
      ],
      [
        291565.52556788764,
        2096461.3463159185
      ],
      [
        292724.5,
        2095160.0
      ]
    ]
  },
  "top_5_alignments": [
    {
      "rank": 1,
      "fitness": 13533032.149605686,
      "cut_volume_m3": 231281.75,
      "fill_volume_m3": 155393.625,
      "environmental_score": 42.21627236795639,
      "path": [
        [
          274045.2,
          2101744.5
        ],
        [
          275191.31176191365,
          2101872.974246787
        ],
        [
          275551.868111155,
          2101905.4834491885
        ],
        [
          277717.6238786354,
          2102679.2680417304
        ],
        [
          278085.628519868,
          2102747.9118604283
        ],
        [
          278113.905866464,
          2102735.097594916
        ],
        [
          279713.3029329382,
          2103582.6549628694
        ],
        [
          279713.3029329382,
          2103565.096364208
        ],
        [
          280725.05440509785,
          2103546.8939132933
        ],
        [
          281016.23634813883,
          2103624.2972685755
        ],
        [
          283407.8759749455,
          2103682.8964002687
        ],
        [
          284441.46428094635,
          2103194.745573354
        ],
        [
          286400.30089260027,
          2102223.4137858828
        ],
        [
          286911.1514022305,
          2101858.846628451
        ],
        [
          288074.5436125977,
          2100654.987388065
        ],
        [
          289138.78671235597,
          2099354.6235781787
        ],
        [
          289371.46928224573,
          2099046.055083905
        ],
        [
          290003.61631727347,
          2098404.0789753506
        ],
        [
          291565.52556788764,
          2096461.3463159185
        ],
        [
          292724.5,
          2095160.0
        ]
      ]
    },
    {
      "rank": 2,
      "fitness": 13533546.123761825,
      "cut_volume_m3": 231281.59375,
      "fill_volume_m3": 155479.15625,
      "environmental_score": 42.50098590377958,
      "path": [
        [
          274045.2,
          2101744.5
        ],
        [
          275191.31176191365,
          2101872.974246787
        ],
        [
          275551.868111155,
          2101905.4834491885
        ],
        [
          277717.6238786354,
          2102679.2680417304
        ],
        [
          278085.628519868,
          2102747.9118604283
        ],
        [
          278113.905866464,
          2102735.097594916
        ],
        [
          279713.3029329382,
          2103582.6549628694
        ],
        [
          279713.3029329382,
          2103565.096364208
        ],
        [
          280725.05440509785,
          2103546.8939132933
        ],
        [
          281016.23634813883,
          2103624.2972685755
        ],
        [
          283407.8759749455,
          2103682.8964002687
        ],
        [
          284441.46428094635,
          2103194.745573354
        ],
        [
          286400.30089260027,
          2102223.4137858828
        ],
        [
          286911.1514022305,
          2101858.846628451
        ],
        [
          288074.5436125977,
          2100654.987388065
        ],
        [
          288929.9281592103,
          2099652.211468112
        ],
        [
          289371.46928224573,
          2099046.055083905
        ],
        [
          290003.61631727347,
          2098404.0789753506
        ],
        [
          291565.52556788764,
          2096461.3463159185
        ],
        [
          292724.5,
          2095160.0
        ]
      ]
    },
    {
      "rank": 3,
      "fitness": 13535000.845434284,
      "cut_volume_m3": 231281.234375,
      "fill_volume_m3": 157095.984375,
      "environmental_score": 42.189013778399136,
      "path": [
        [
          274045.2,
          2101744.5
        ],
        [
          275191.31176191365,
          2101872.974246787
        ],
        [
          275551.868111155,
          2101905.4834491885
        ],
        [
          277717.6238786354,
          2102679.2680417304
        ],
        [
          278085.628519868,
          2102747.9118604283
        ],
        [
          278113.905866464,
          2102735.097594916
        ],
        [
          279713.3029329382,
          2103582.6549628694
        ],
        [
          279713.3029329382,
          2103565.096364208
        ],
        [
          280725.05440509785,
          2103546.8939132933
        ],
        [
          281016.23634813883,
          2103624.2972685755
        ],
        [
          283407.8759749455,
          2103682.8964002687
        ],
        [
          284441.46428094635,
          2103194.745573354
        ],
        [
          286400.30089260027,
          2102223.4137858828
        ],
        [
          286911.1514022305,
          2101858.846628451
        ],
        [
          288577.71846659336,
          2099857.134024739
        ],
        [
          289138.78671235597,
          2099354.6235781787
        ],
        [
          289371.46928224573,
          2099046.055083905
        ],
        [
          290003.61631727347,
          2098404.0789753506
        ],
        [
          291565.52556788764,
          2096461.3463159185
        ],
        [
          292724.5,
          2095160.0
        ]
      ]
    },
    {
      "rank": 4,
      "fitness": 13539484.701506907,
      "cut_volume_m3": 231280.0625,
      "fill_volume_m3": 155280.046875,
      "environmental_score": 42.21620016116384,