{
  "optimization_summary": {
    "best_fitness": 12859700.839740997
  },
  "optimal_plan": {
    "fitness": 12859700.839740997,
    "cut_volume_m3": 52459.59375,
    "fill_volume_m3": 176683.0625,
    "environmental_score": 45.75363343260432,
    "path": [
      [
        274045.2,
        2101744.5
      ],
      [
        274916.7347864163,
        2101930.3957301155
      ],
      [
        275815.74914314336,
        2102160.2465621806
      ],
      [
        276369.92795118026,
        2102329.377306498
      ],
      [
        278091.32573360257,
        2102869.7733115205
      ],
      [
        278134.87506278366,
        2102887.535990638
      ],
      [
        280315.1353796088,
        2101427.534182714
      ],
      [
        280682.79961245495,
        2101103.4284865605
      ],
      [
        282618.2961331594,
        2099118.4868024094
      ],
      [
        283487.3421498575,
        2098306.3185338266
      ],
      [
        284471.3398841425,
        2097513.7265327023
      ],
      [
        285665.536822652,
        2096800.5582128724
      ],
      [
        286364.2913381663,
        2096248.390632247
      ],
      [
        286876.35782981326,
        2096160.841958595
      ],
      [
        287466.68052133353,
        2096090.8134362446
      ],
      [
        288536.8555704969,
        2096003.1748458697
      ],
      [
        289962.99270634225,
        2095879.2398583249
      ],
      [
        291468.1228106149,
        2095711.331398282
      ],
      [
        291741.3789473684,
        2095616.9770178453
      ],
      [
        292724.5,
        2095160.0
      ]
    ]
  },
  "top_5_alignments": [
    {
      "rank": 1,
      "fitness": 12859700.839740997,
      "cut_volume_m3": 52459.59375,
      "fill_volume_m3": 176683.0625,
      "environmental_score": 45.75363343260432,
      "path": [
        [
          274045.2,
          2101744.5
        ],
        [
          274916.7347864163,
          2101930.3957301155
        ],
        [
          275815.74914314336,
          2102160.2465621806
        ],
        [
          276369.92795118026,
          2102329.377306498
        ],
        [
          278091.32573360257,
          2102869.7733115205
        ],
        [
          278134.87506278366,
          2102887.535990638
        ],
        [
          280315.1353796088,
          2101427.534182714
        ],
        [
          280682.79961245495,
          2101103.4284865605
        ],
        [
          282618.2961331594,
          2099118.4868024094
        ],
        [
          283487.3421498575,
          2098306.3185338266
        ],
        [
          284471.3398841425,
          2097513.7265327023
        ],
        [
          285665.536822652,
          2096800.5582128724
        ],
        [
          286364.2913381663,
          2096248.390632247
        ],
        [
          286876.35782981326,
          2096160.841958595
        ],
        [
          287466.68052133353,
          2096090.8134362446
        ],
        [
          288536.8555704969,
          2096003.1748458697
        ],
        [
          289962.99270634225,
          2095879.2398583249
        ],
        [
          291468.1228106149,
          2095711.331398282
        ],
        [
          291741.3789473684,
          2095616.9770178453
        ],
        [
          292724.5,
          2095160.0
        ]
      ]
    },
    {
      "rank": 2,
      "fitness": 12876688.232889649,
      "cut_volume_m3": 52460.34375,
      "fill_volume_m3": 176914.671875,
      "environmental_score": 45.742394765395126,
      "path": [
        [
          274045.2,
          2101744.5
        ],
        [
          274916.7347864163,
          2101930.3957301155
        ],
        [
          275815.74914314336,
          2102160.2465621806
        ],
        [
          276369.92795118026,
          2102329.377306498
        ],
        [
          278091.32573360257,
          2102869.7733115205
        ],
        [
          278134.87506278366,
          2102887.535990638
        ],
        [
          280315.1353796088,
          2101427.534182714
        ],
        [
          280682.79961245495,
          2101103.4284865605
        ],
        [
          282618.2961331594,
          2099118.4868024094
        ],
        [
          283487.3421498575,
          2098306.3185338266
        ],
        [
          284116.4831354354,
          2097621.0631240816
        ],
        [
          285665.536822652,
          2096800.5582128724
        ],
        [
          286364.2913381663,
          2096248.390632247
        ],
        [
          286876.35782981326,
          2096160.841958595
        ],
        [
          287466.68052133353,
          2096090.8134362446
        ],
        [
          288536.8555704969,
          2096003.1748458697
        ],
        [
          289962.99270634225,
          2095879.2398583249
        ],
        [
          291468.1228106149,
          2095711.331398282
        ],
        [
          291741.3789473684,
          2095616.9770178453
        ],
        [
          292724.5,
          2095160.0
        ]
      ]
    },
    {
      "rank": 3,
      "fitness": 12880793.433447644,
      "cut_volume_m3": 52460.5234375,
      "fill_volume_m3": 176214.234375,
      "environmental_score": 45.87146232771601,
      "path": [
        [
          274045.2,
          2101744.5
        ],
        [
          274916.7347864163,
          2101930.3957301155
        ],
        [
          275815.74914314336,
          2102160.2465621806
        ],
        [
          276369.92795118026,
          2102329.377306498
        ],
        [
          278091.32573360257,
          2102869.7733115205
        ],
        [
          278134.87506278366,
          2102887.535990638
        ],
        [
          280315.1353796088,
          2101427.534182714
        ],
        [
          280682.79961245495,
          2101103.4284865605
        ],
        [
          282618.2961331594,
          2099118.4868024094
        ],
        [
          283487.3421498575,
          2098306.3185338266
        ],
        [
          284116.4831354354,
          2097621.0631240816
        ],
        [
          284869.0734077195,
          2096994.1642807603
        ],
        [
          286364.2913381663,
          2096248.390632247
        ],
        [
          286876.35782981326,
          2096160.841958595
        ],
        [
          287466.68052133353,
          2096090.8134362446
        ],
        [
          288536.8555704969,
          2096003.1748458697
        ],
        [
          289962.99270634225,
          2095879.2398583249
        ],
        [
          291468.1228106149,
          2095711.331398282
        ],
        [
          291741.3789473684,
          2095616.9770178453
        ],
        [
          292724.5,
          2095160.0
        ]
      ]
    },
    {
      "rank": 4,
      "fitness": 12881212.258691207,
      "cut_volume_m3": 52460.5390625,
      "fill_volume_m3": 174908.28125,
      "environmental_score": 45.871437001249475,