{
  "project_type": "Linear Infrastructure Alignment Validation",
  "hrf_simulation_time_s": 3600.0,
  "validation_ranking": [
    {
      "rank": 1,
      "ga_fitness": 41721583.13937517,
      "hrf_risk_score": 2.1118223667144775,
      "path": [
        [
          250937.56395,
          2117052.4699250218
        ],
        [
          257183.03200318178,
          2120094.8395392
        ],
        [
          258848.96353661767,
          2120930.851690549
        ],
        [
          261863.51918405542,
          2122083.0397639344
        ],
        [
          270587.99434245465,
          2124948.2958363635
        ],
        [
          270587.99434245465,
          2124961.120135323
        ],
        [
          270766.9218113642,
          2125015.6668283427
        ],
        [
          277270.2022501149,
          2126549.6771155475
        ],
        [
          278664.84758717427,
          2126794.3987707007
        ],
        [
          279327.2314022517,
          2126832.215113207
        ],
        [
          281341.3104606919,
          2126362.5741297826
        ],
        [
          288209.95673858,
          2125610.3067421513
        ],
        [
          294504.7076516764,
          2124885.8707047435
        ],
        [
          294874.76626783225,
          2124746.770303419
        ],
        [
          298759.4302714963,
          2123627.4103148733
        ],
        [
          301333.6944920484,
          2122952.7383367782
        ],
        [
          303486.07754882,
          2122352.332750092
        ],
        [
          310740.0090207253,
          2120680.2836782793
        ],
        [
          313129.4959899971,
          2120102.0701681017
        ],
        [
          318483.59795,
          2118817.181323788
        ]
      ]
    },
    {
      "rank": 5,
      "ga_fitness": 41722503.17439051,
      "hrf_risk_score": 2.157994031906128,
      "path": [
        [
          250937.56395,
          2117052.4699250218
        ],
        [
          257183.03200318178,
          2120094.8395392
        ],
        [
          258848.96353661767,
          2120930.851690549
        ],
        [
          261863.51918405542,
          2122083.0397639344
        ],
        [
          270587.99434245465,
          2124948.2958363635
        ],
        [
          270587.99434245465,
          2124961.120135323
        ],
        [
          270766.9218113642,
          2125015.6668283427
        ],
        [
          277270.2022501149,
          2126549.6771155475
        ],
        [
          278664.84758717427,
          2126794.3987707007
        ],
        [
          279327.2314022517,
          2126832.215113207
        ],
        [
          281341.3104606919,
          2126362.5741297826
        ],
        [
          288209.95673858,
          2125610.3067421513
        ],
        [
          294504.7076516764,
          2124885.8707047435
        ],
        [
          294874.76626783225,
          2124746.770303419
        ],
        [
          298759.4302714963,
          2123627.4103148733
        ],
        [
          301890.32701149245,
          2122842.7034847187
        ],
        [
          303486.07754882,
          2122352.332750092
        ],
        [
          310740.0090207253,
          2120680.2836782793
        ],
        [
          311348.43135404965,
          2120526.171566501
        ],
        [
          318483.59795,
          2118817.181323788
        ]
      ]
    },
    {
      "rank": 2,
      "ga_fitness": 41721686.63441499,
      "hrf_risk_score": 2.161442518234253,
      "path": [
        [
          250937.56395,
          2117052.4699250218
        ],
        [
          257183.03200318178,
          2120094.8395392
        ],
        [
          258848.96353661767,
          2120930.851690549
        ],
        [
          261863.51918405542,
          2122083.0397639344
        ],
        [
          270587.99434245465,
          2124948.2958363635
        ],
        [
          270587.99434245465,
          2124961.120135323
        ],
        [
          270766.9218113642,
          2125015.6668283427
        ],
        [
          277270.2022501149,
          2126549.6771155475
        ],
        [
          278664.84758717427,
          2126794.3987707007
        ],
        [
          279327.2314022517,
          2126832.215113207
        ],
        [
          281341.3104606919,
          2126362.5741297826
        ],
        [
          288209.95673858,
          2125610.3067421513
        ],
        [
          294504.7076516764,
          2124885.8707047435
        ],
        [
          294874.76626783225,
          2124746.770303419
        ],
        [
          298759.4302714963,
          2123627.4103148733
        ],
        [
          301333.6944920484,
          2122952.7383367782
        ],
        [
          303486.07754882,
          2122352.332750092
        ],
        [
          310740.0090207253,
          2120680.2836782793
        ],
        [
          311348.43135404965,
          2120526.171566501
        ],
        [
          318483.59795,
          2118817.181323788
        ]
      ]
    },
    {
      "rank": 3,
      "ga_fitness": 41721708.67441738,
      "hrf_risk_score": 2.161442518234253,
      "path": [
        [
          250937.56395,
          2117052.4699250218
        ],
        [
          257183.03200318178,
          2120094.8395392
        ],
        [
          258848.96353661767,
          2120930.851690549
        ],
        [
          261863.51918405542,
          2122083.0397639344
        ],
        [
          270587.99434245465,
          2124948.2958363635
        ],
        [
          270587.99434245465,
          2124961.120135323
        ],
        [
          270766.9218113642,
          2125015.6668283427
        ],
        [
          277270.2022501149,
          2126549.6771155475
        ],
        [
          278664.84758717427,
          2126794.3987707007
        ],
        [
          279327.2314022517,
          2126832.215113207
        ],
        [
          281341.3104606919,
          2126362.5741297826
        ],
        [
          288467.74880110373,
          2125587.204338364
        ],
        [
          294504.7076516764,
          2124885.8707047435
        ],
        [
          294874.76626783225,
          2124746.770303419
        ],
        [
          298759.4302714963,
          2123627.4103148733
        ],
        [
          301333.6944920484,
          2122952.7383367782
        ],
        [
          303486.07754882,
          2122352.332750092
        ],
        [
          310740.0090207253,
          2120680.2836782793
        ],
        [
          311348.43135404965,
          2120526.171566501
        ],
        [
          318483.59795,
          2118817.181323788
        ]
      ]
    },
    {
      "rank": 4,
      "ga_fitness": 41721880.81224819,
      "hrf_risk_score": 2.1917245388031006,