{
    "runways": [
        {
            "id": 1,
            "center_x": 1500.0,
            "center_y": 437.6472834233006,
            "length": 2800,
            "width": 60
        }
    ],
    "taxiway": {
        "side": "top",
        "offset": 180
    },
    "terminals": [
        {
            "id": 1,
            "footprint_x": 1301.1304406069164,
            "footprint_y": 617.842098557992,
            "width": 400,
            "height": 200
        }
    ]
}