{
  "optimization_summary": {
    "best_fitness": 12214655.448872706
  },
  "optimal_plan": {
    "fitness": 12214655.448872706,
    "cut_volume_m3": 26602.095703125,
    "fill_volume_m3": 163629.53125,
    "environmental_score": 44.57287648269785,
    "path": [
      [
        274045.2,
        2101744.5
      ],
      [
        276728.70314796764,
        2100303.459505187
      ],
      [
        276884.907286815,
        2100200.629965531
      ],
      [
        277240.67030494515,
        2099962.7098709373
      ],
      [
        277694.25270563754,
        2099718.354020046
      ],
      [
        278204.0007279661,
        2099472.2161499416
      ],
      [
        278551.66313375393,
        2099238.125922613
      ],
      [
        280927.04736842104,
        2098249.6762416176
      ],
      [
        283160.47662561433,
        2097220.4094521673
      ],
      [
        283754.8594183592,
        2096979.5811924369
      ],
      [
        284262.11153401795,
        2096908.1412630873
      ],
      [
        284262.11153401795,
        2096991.2086102632
      ],
      [
        286171.9854022961,
        2096708.7638009356
      ],
      [
        286810.811041846,
        2096577.8508447628
      ],
      [
        286825.77368421055,
        2096554.1103795867
      ],
      [
        289575.2110700255,
        2096653.7300181207
      ],
      [
        290261.7466635442,
        2096616.89038517
      ],
      [
        291090.84490372404,
        2096274.5328943494
      ],
      [
        291149.5758107303,
        2096236.8054896684
      ],
      [
        292724.5,
        2095160.0
      ]
    ]
  },
  "top_5_alignments": [
    {
      "rank": 1,
      "fitness": 12214655.448872706,
      "cut_volume_m3": 26602.095703125,
      "fill_volume_m3": 163629.53125,
      "environmental_score": 44.57287648269785,
      "path": [
        [
          274045.2,
          2101744.5
        ],
        [
          276728.70314796764,
          2100303.459505187
        ],
        [
          276884.907286815,
          2100200.629965531
        ],
        [
          277240.67030494515,
          2099962.7098709373
        ],
        [
          277694.25270563754,
          2099718.354020046
        ],
        [
          278204.0007279661,
          2099472.2161499416
        ],
        [
          278551.66313375393,
          2099238.125922613
        ],
        [
          280927.04736842104,
          2098249.6762416176
        ],
        [
          283160.47662561433,
          2097220.4094521673
        ],
        [
          283754.8594183592,
          2096979.5811924369
        ],
        [
          284262.11153401795,
          2096908.1412630873
        ],
        [
          284262.11153401795,
          2096991.2086102632
        ],
        [
          286171.9854022961,
          2096708.7638009356
        ],
        [
          286810.811041846,
          2096577.8508447628
        ],
        [
          286825.77368421055,
          2096554.1103795867
        ],
        [
          289575.2110700255,
          2096653.7300181207
        ],
        [
          290261.7466635442,
          2096616.89038517
        ],
        [
          291090.84490372404,
          2096274.5328943494
        ],
        [
          291149.5758107303,
          2096236.8054896684
        ],
        [
          292724.5,
          2095160.0
        ]
      ]
    },
    {
      "rank": 2,
      "fitness": 12261686.343734305,
      "cut_volume_m3": 26602.724609375,
      "fill_volume_m3": 158794.09375,
      "environmental_score": 45.806873559542936,
      "path": [
        [
          274045.2,
          2101744.5
        ],
        [
          276728.70314796764,
          2100303.459505187
        ],
        [
          276884.907286815,
          2100200.629965531
        ],
        [
          277240.67030494515,
          2099962.7098709373
        ],
        [
          277694.25270563754,
          2099718.354020046
        ],
        [
          278204.0007279661,
          2099472.2161499416
        ],
        [
          278551.66313375393,
          2099238.125922613
        ],
        [
          280927.04736842104,
          2098249.6762416176
        ],
        [
          283160.47662561433,
          2097220.4094521673
        ],
        [
          283754.8594183592,
          2096979.5811924369
        ],
        [
          284621.2343279463,
          2096596.0601933107
        ],
        [
          285463.8527996358,
          2096806.2245348492
        ],
        [
          286171.9854022961,
          2096708.7638009356
        ],
        [
          286825.77368421055,
          2096592.9597698255
        ],
        [
          286825.77368421055,
          2096554.1103795867
        ],
        [
          289575.2110700255,
          2096653.7300181207
        ],
        [
          290261.7466635442,
          2096616.89038517
        ],
        [
          291090.84490372404,
          2096274.5328943494
        ],
        [
          291149.5758107303,
          2096236.8054896684
        ],
        [
          292724.5,
          2095160.0
        ]
      ]
    },
    {
      "rank": 3,
      "fitness": 12268491.317279521,
      "cut_volume_m3": 26602.669921875,
      "fill_volume_m3": 160999.71875,
      "environmental_score": 47.206390769508296,
      "path": [
        [
          274045.2,
          2101744.5
        ],
        [
          276728.70314796764,
          2100303.459505187
        ],
        [
          276884.907286815,
          2100200.629965531
        ],
        [
          277240.67030494515,
          2099962.7098709373
        ],
        [
          277694.25270563754,
          2099718.354020046
        ],
        [
          278204.0007279661,
          2099472.2161499416
        ],
        [
          278551.66313375393,
          2099238.125922613
        ],
        [
          280927.04736842104,
          2098249.6762416176
        ],
        [
          283160.47662561433,
          2097220.4094521673
        ],
        [
          283754.8594183592,
          2096979.5811924369
        ],
        [
          284262.11153401795,
          2096908.1412630873
        ],
        [
          284621.2343279463,
          2096585.199294545
        ],
        [
          286171.9854022961,
          2096708.7638009356
        ],
        [
          286810.811041846,
          2096577.8508447628
        ],
        [
          286825.77368421055,
          2096554.1103795867
        ],
        [
          289575.2110700255,
          2096653.7300181207
        ],
        [
          290261.7466635442,
          2096616.89038517
        ],
        [
          291090.84490372404,
          2096274.5328943494
        ],
        [
          291149.5758107303,
          2096236.8054896684
        ],
        [
          292724.5,
          2095160.0
        ]
      ]
    },
    {
      "rank": 4,
      "fitness": 12282021.390854781,
      "cut_volume_m3": 26603.1875,
      "fill_volume_m3": 161309.34375,
      "environmental_score": 47.18480480509302,