{
    "runways": [
        {
            "id": 1,
            "center_x": 1500.0,
            "center_y": 393.4453558865538,
            "length": 2800,
            "width": 60
        }
    ],
    "taxiway": {
        "side": "top",
        "offset": 180
    },
    "terminals": [
        {
            "id": 1,
            "footprint_x": 1298.435044961591,
            "footprint_y": 573.4453558865538,
            "width": 400,
            "height": 200
        }
    ]
}