{
  "optimization_summary": {
    "best_fitness": 12193487.129261814
  },
  "optimal_plan": {
    "fitness": 12193487.129261814,
    "cut_volume_m3": 41765.3203125,
    "fill_volume_m3": 140275.8125,
    "environmental_score": 36.896892756353964,
    "path": [
      [
        274045.2,
        2101744.5
      ],
      [
        274592.17767326394,
        2101576.733008109
      ],
      [
        275028.59326094115,
        2101458.704110166
      ],
      [
        276232.58279195096,
        2101171.590739976
      ],
      [
        276314.173469535,
        2101160.254648356
      ],
      [
        279184.3846741013,
        2100969.5801057033
      ],
      [
        280008.3597003671,
        2100952.139110217
      ],
      [
        281833.51535092614,
        2100786.9513386693
      ],
      [
        282025.001144183,
        2100788.8052134574
      ],
      [
        282475.29446486814,
        2100784.300501875
      ],
      [
        283155.0750803955,
        2100496.988285741
      ],
      [
        284360.54545567324,
        2099645.8067379114
      ],
      [
        285294.5520972612,
        2098962.913041909
      ],
      [
        285549.5782564297,
        2098879.6802814296
      ],
      [
        285678.0029561343,
        2098809.010193982
      ],
      [
        289904.4513713963,
        2095865.939406296
      ],
      [
        289904.4513713963,
        2095802.4225224326
      ],
      [
        289958.1101905758,
        2095798.468209983
      ],
      [
        291916.52259941364,
        2095353.671377438
      ],
      [
        292724.5,
        2095160.0
      ]
    ]
  },
  "top_5_alignments": [
    {
      "rank": 1,
      "fitness": 12193487.129261814,
      "cut_volume_m3": 41765.3203125,
      "fill_volume_m3": 140275.8125,
      "environmental_score": 36.896892756353964,
      "path": [
        [
          274045.2,
          2101744.5
        ],
        [
          274592.17767326394,
          2101576.733008109
        ],
        [
          275028.59326094115,
          2101458.704110166
        ],
        [
          276232.58279195096,
          2101171.590739976
        ],
        [
          276314.173469535,
          2101160.254648356
        ],
        [
          279184.3846741013,
          2100969.5801057033
        ],
        [
          280008.3597003671,
          2100952.139110217
        ],
        [
          281833.51535092614,
          2100786.9513386693
        ],
        [
          282025.001144183,
          2100788.8052134574
        ],
        [
          282475.29446486814,
          2100784.300501875
        ],
        [
          283155.0750803955,
          2100496.988285741
        ],
        [
          284360.54545567324,
          2099645.8067379114
        ],
        [
          285294.5520972612,
          2098962.913041909
        ],
        [
          285549.5782564297,
          2098879.6802814296
        ],
        [
          285678.0029561343,
          2098809.010193982
        ],
        [
          289904.4513713963,
          2095865.939406296
        ],
        [
          289904.4513713963,
          2095802.4225224326
        ],
        [
          289958.1101905758,
          2095798.468209983
        ],
        [
          291916.52259941364,
          2095353.671377438
        ],
        [
          292724.5,
          2095160.0
        ]
      ]
    },
    {
      "rank": 2,
      "fitness": 12193630.356534876,
      "cut_volume_m3": 41765.328125,
      "fill_volume_m3": 144145.828125,
      "environmental_score": 36.840058537973135,
      "path": [
        [
          274045.2,
          2101744.5
        ],
        [
          274592.17767326394,
          2101576.733008109
        ],
        [
          275028.59326094115,
          2101458.704110166
        ],
        [
          276232.58279195096,
          2101171.590739976
        ],
        [
          276314.173469535,
          2101160.254648356
        ],
        [
          278900.0309789159,
          2101053.591626149
        ],
        [
          280008.3597003671,
          2100952.139110217
        ],
        [
          281833.51535092614,
          2100786.9513386693
        ],
        [
          282025.001144183,
          2100788.8052134574
        ],
        [
          282475.29446486814,
          2100784.300501875
        ],
        [
          283155.0750803955,
          2100496.988285741
        ],
        [
          284360.54545567324,
          2099645.8067379114
        ],
        [
          285294.5520972612,
          2098962.913041909
        ],
        [
          285549.5782564297,
          2098879.6802814296
        ],
        [
          285678.0029561343,
          2098809.010193982
        ],
        [
          289904.4513713963,
          2095865.939406296
        ],
        [
          289904.4513713963,
          2095802.4225224326
        ],
        [
          289958.1101905758,
          2095798.468209983
        ],
        [
          291916.52259941364,
          2095353.671377438
        ],
        [
          292724.5,
          2095160.0
        ]
      ]
    },
    {
      "rank": 3,
      "fitness": 12193631.381360957,
      "cut_volume_m3": 41765.32421875,
      "fill_volume_m3": 140525.34375,
      "environmental_score": 36.979134978999994,
      "path": [
        [
          274045.2,
          2101744.5
        ],
        [
          274592.17767326394,
          2101576.733008109
        ],
        [
          275028.59326094115,
          2101458.704110166
        ],
        [
          276232.58279195096,
          2101171.590739976
        ],
        [
          276314.173469535,
          2101160.254648356
        ],
        [
          279184.3846741013,
          2100969.5801057033
        ],
        [
          280008.3597003671,
          2100952.139110217
        ],
        [
          281833.51535092614,
          2100786.9513386693
        ],
        [
          282025.001144183,
          2100788.8052134574
        ],
        [
          282475.29446486814,
          2100784.300501875
        ],
        [
          283155.0750803955,
          2100496.988285741
        ],
        [
          284581.3583651658,
          2099453.4439661605
        ],
        [
          285294.5520972612,
          2098962.913041909
        ],
        [
          285549.5782564297,
          2098879.6802814296
        ],
        [
          285678.0029561343,
          2098809.010193982
        ],
        [
          289904.4513713963,
          2095865.939406296
        ],
        [
          289904.4513713963,
          2095802.4225224326
        ],
        [
          289958.1101905758,
          2095798.468209983
        ],
        [
          291916.52259941364,
          2095353.671377438
        ],
        [
          292724.5,
          2095160.0
        ]
      ]
    },
    {
      "rank": 4,
      "fitness": 12194697.340409268,
      "cut_volume_m3": 40199.5,
      "fill_volume_m3": 140280.15625,
      "environmental_score": 36.89688925619614,