{
    "runways": [
        {
            "id": 1,
            "center_x": 1500.0,
            "center_y": 444.9727673505223,
            "length": 2800,
            "width": 60
        }
    ],
    "taxiway": {
        "side": "top",
        "offset": 180
    },
    "terminals": [
        {
            "id": 1,
            "footprint_x": 1300.1110371521115,
            "footprint_y": 624.9727673505223,
            "width": 400,
            "height": 200
        }
    ]
}