{
    "runways": [
        {
            "id": 1,
            "center_x": 1500.0,
            "center_y": 429.02086320456743,
            "length": 2800,
            "width": 60
        }
    ],
    "taxiway": {
        "side": "top",
        "offset": 180
    },
    "terminals": [
        {
            "id": 1,
            "footprint_x": 1300.1066032117387,
            "footprint_y": 609.0208632045674,
            "width": 400,
            "height": 200
        }
    ]
}