{
  "optimization_summary": {
    "best_fitness": 12055118.554671168
  },
  "optimal_plan": {
    "fitness": 12055118.554671168,
    "cut_volume_m3": 191002.0,
    "fill_volume_m3": 116229.3828125,
    "environmental_score": 40.77362700275684,
    "path": [
      [
        274045.2,
        2101744.5
      ],
      [
        275892.6535178123,
        2101256.507334575
      ],
      [
        277048.92067120527,
        2101025.9293256747
      ],
      [
        277048.92067120527,
        2101025.788570984
      ],
      [
        277977.86160749063,
        2100432.1022959896
      ],
      [
        278240.8820844124,
        2100289.559273165
      ],
      [
        279080.8607106372,
        2100046.2779153655
      ],
      [
        282563.98924858304,
        2098796.9022550117
      ],
      [
        283105.9412443484,
        2098523.895360677
      ],
      [
        283427.2314544464,
        2098320.870311584
      ],
      [
        283884.2502909487,
        2097907.856659222
      ],
      [
        284167.52166894235,
        2097745.2974924673
      ],
      [
        284923.98713082995,
        2097374.7854672135
      ],
      [
        285671.62777854427,
        2097169.8927588062
      ],
      [
        286500.8672888456,
        2097078.418812593
      ],
      [
        289441.0707610654,
        2096636.6916484288
      ],
      [
        290038.16491466376,
        2096502.0053263162
      ],
      [
        290807.87812896696,
        2095923.6147955463
      ],
      [
        291904.9173874137,
        2095758.4353833324
      ],
      [
        292724.5,
        2095160.0
      ]
    ]
  },
  "top_5_alignments": [
    {
      "rank": 1,
      "fitness": 12055118.554671168,
      "cut_volume_m3": 191002.0,
      "fill_volume_m3": 116229.3828125,
      "environmental_score": 40.77362700275684,
      "path": [
        [
          274045.2,
          2101744.5
        ],
        [
          275892.6535178123,
          2101256.507334575
        ],
        [
          277048.92067120527,
          2101025.9293256747
        ],
        [
          277048.92067120527,
          2101025.788570984
        ],
        [
          277977.86160749063,
          2100432.1022959896
        ],
        [
          278240.8820844124,
          2100289.559273165
        ],
        [
          279080.8607106372,
          2100046.2779153655
        ],
        [
          282563.98924858304,
          2098796.9022550117
        ],
        [
          283105.9412443484,
          2098523.895360677
        ],
        [
          283427.2314544464,
          2098320.870311584
        ],
        [
          283884.2502909487,
          2097907.856659222
        ],
        [
          284167.52166894235,
          2097745.2974924673
        ],
        [
          284923.98713082995,
          2097374.7854672135
        ],
        [
          285671.62777854427,
          2097169.8927588062
        ],
        [
          286500.8672888456,
          2097078.418812593
        ],
        [
          289441.0707610654,
          2096636.6916484288
        ],
        [
          290038.16491466376,
          2096502.0053263162
        ],
        [
          290807.87812896696,
          2095923.6147955463
        ],
        [
          291904.9173874137,
          2095758.4353833324
        ],
        [
          292724.5,
          2095160.0
        ]
      ]
    },
    {
      "rank": 2,
      "fitness": 12068851.792985281,
      "cut_volume_m3": 192741.4375,
      "fill_volume_m3": 115747.5390625,
      "environmental_score": 40.81914617917092,
      "path": [
        [
          274045.2,
          2101744.5
        ],
        [
          276061.16681931436,
          2101290.6489829095
        ],
        [
          277048.92067120527,
          2101025.9293256747
        ],
        [
          277048.92067120527,
          2101025.788570984
        ],
        [
          277977.86160749063,
          2100432.1022959896
        ],
        [
          278240.8820844124,
          2100289.559273165
        ],
        [
          278992.839626091,
          2099968.0321027753
        ],
        [
          282563.98924858304,
          2098796.9022550117
        ],
        [
          283105.9412443484,
          2098523.895360677
        ],
        [
          283427.2314544464,
          2098320.870311584
        ],
        [
          283884.2502909487,
          2097907.856659222
        ],
        [
          284167.52166894235,
          2097745.2974924673
        ],
        [
          284923.98713082995,
          2097374.7854672135
        ],
        [
          285733.4628856688,
          2097065.9959661218
        ],
        [
          286500.8672888456,
          2097078.418812593
        ],
        [
          289441.0707610654,
          2096636.6916484288
        ],
        [
          290038.16491466376,
          2096502.0053263162
        ],
        [
          290807.87812896696,
          2095923.6147955463
        ],
        [
          291904.9173874137,
          2095758.4353833324
        ],
        [
          292724.5,
          2095160.0
        ]
      ]
    },
    {
      "rank": 3,
      "fitness": 12069084.084715934,
      "cut_volume_m3": 190990.5625,
      "fill_volume_m3": 116341.15625,
      "environmental_score": 40.7737466238954,
      "path": [
        [
          274045.2,
          2101744.5
        ],
        [
          276061.16681931436,
          2101290.6489829095
        ],
        [
          277048.92067120527,
          2101025.9293256747
        ],
        [
          277048.92067120527,
          2101025.788570984
        ],
        [
          277977.86160749063,
          2100432.1022959896
        ],
        [
          278240.8820844124,
          2100289.559273165
        ],
        [
          279080.8607106372,
          2100046.2779153655
        ],
        [
          282563.98924858304,
          2098796.9022550117
        ],
        [
          283105.9412443484,
          2098523.895360677
        ],
        [
          283427.2314544464,
          2098320.870311584
        ],
        [
          283884.2502909487,
          2097907.856659222
        ],
        [
          284167.52166894235,
          2097745.2974924673
        ],
        [
          284923.98713082995,
          2097374.7854672135
        ],
        [
          285733.4628856688,
          2097065.9959661218
        ],
        [
          286500.8672888456,
          2097078.418812593
        ],
        [
          289441.0707610654,
          2096636.6916484288
        ],
        [
          290038.16491466376,
          2096502.0053263162
        ],
        [
          290807.87812896696,
          2095923.6147955463
        ],
        [
          291904.9173874137,
          2095758.4353833324
        ],
        [
          292724.5,
          2095160.0
        ]
      ]
    },
    {
      "rank": 4,
      "fitness": 12069574.59322537,
      "cut_volume_m3": 190991.0625,
      "fill_volume_m3": 116383.6484375,
      "environmental_score": 40.77242214497139,