{
    "runways": [
        {
            "id": 1,
            "center_x": 1500.0,
            "center_y": 440.14405537478655,
            "length": 2800,
            "width": 60
        }
    ],
    "taxiway": {
        "side": "top",
        "offset": 180
    },
    "terminals": [
        {
            "id": 1,
            "footprint_x": 1299.8662515144915,
            "footprint_y": 620.1440553747866,
            "width": 400,
            "height": 200
        }
    ]
}