{
  "zone_id": 2,
  "zone_name": "Intelligent_Hotspot_AOI_2",
  "bounds": {
    "left": 366597.7586,
    "bottom": 159473.54359999998,
    "right": 367397.7586,
    "top": 160273.54359999998
  },
  "population_exposure": 0.0,
  "priority_pixels": 0,
  "estimated_area_km2": 0.0
}