{
  "optimization_summary": {
    "best_fitness": 12949101.743693803
  },
  "optimal_plan": {
    "fitness": 12949101.743693803,
    "cut_volume_m3": 36422.60546875,
    "fill_volume_m3": 147331.140625,
    "environmental_score": 31.02006272832027,
    "path": [
      [
        274045.2,
        2101744.5
      ],
      [
        274681.6091913289,
        2101601.069516445
      ],
      [
        275088.84868388675,
        2101490.64856528
      ],
      [
        277589.7378918459,
        2101604.149731999
      ],
      [
        278194.2450436865,
        2101722.8445410016
      ],
      [
        279764.75970209314,
        2102313.794776333
      ],
      [
        280463.4359286208,
        2102578.468025408
      ],
      [
        281055.80640486575,
        2102734.959372974
      ],
      [
        281153.39576185466,
        2102798.6135395817
      ],
      [
        281153.39576185466,
        2102795.1714860904
      ],
      [
        284645.60956290795,
        2102045.6588245425
      ],
      [
        285274.2784822621,
        2101734.0642386447
      ],
      [
        286299.76887980156,
        2100927.4127933416
      ],
      [
        287192.12108536717,
        2100297.1701597665
      ],
      [
        288423.6051898708,
        2099709.6606610324
      ],
      [
        289040.61245495366,
        2099358.443436894
      ],
      [
        289600.10380359716,
        2099118.546780426
      ],
      [
        289694.05022133235,
        2099027.4891152997
      ],
      [
        290647.7151770402,
        2097940.924371831
      ],
      [
        292724.5,
        2095160.0
      ]
    ]
  },
  "top_5_alignments": [
    {
      "rank": 1,
      "fitness": 12949101.743693803,
      "cut_volume_m3": 36422.60546875,
      "fill_volume_m3": 147331.140625,
      "environmental_score": 31.02006272832027,
      "path": [
        [
          274045.2,
          2101744.5
        ],
        [
          274681.6091913289,
          2101601.069516445
        ],
        [
          275088.84868388675,
          2101490.64856528
        ],
        [
          277589.7378918459,
          2101604.149731999
        ],
        [
          278194.2450436865,
          2101722.8445410016
        ],
        [
          279764.75970209314,
          2102313.794776333
        ],
        [
          280463.4359286208,
          2102578.468025408
        ],
        [
          281055.80640486575,
          2102734.959372974
        ],
        [
          281153.39576185466,
          2102798.6135395817
        ],
        [
          281153.39576185466,
          2102795.1714860904
        ],
        [
          284645.60956290795,
          2102045.6588245425
        ],
        [
          285274.2784822621,
          2101734.0642386447
        ],
        [
          286299.76887980156,
          2100927.4127933416
        ],
        [
          287192.12108536717,
          2100297.1701597665
        ],
        [
          288423.6051898708,
          2099709.6606610324
        ],
        [
          289040.61245495366,
          2099358.443436894
        ],
        [
          289600.10380359716,
          2099118.546780426
        ],
        [
          289694.05022133235,
          2099027.4891152997
        ],
        [
          290647.7151770402,
          2097940.924371831
        ],
        [
          292724.5,
          2095160.0
        ]
      ]
    },
    {
      "rank": 2,
      "fitness": 12951550.465200331,
      "cut_volume_m3": 36417.1953125,
      "fill_volume_m3": 147991.265625,
      "environmental_score": 31.327530327851136,
      "path": [
        [
          274045.2,
          2101744.5
        ],
        [
          274681.6091913289,
          2101601.069516445
        ],
        [
          274953.7933883454,
          2101666.522892569
        ],
        [
          277589.7378918459,
          2101604.149731999
        ],
        [
          278194.2450436865,
          2101722.8445410016
        ],
        [
          279764.75970209314,
          2102313.794776333
        ],
        [
          280463.4359286208,
          2102578.468025408
        ],
        [
          281055.80640486575,
          2102734.959372974
        ],
        [
          281153.39576185466,
          2102798.6135395817
        ],
        [
          281153.39576185466,
          2102795.1714860904
        ],
        [
          284645.60956290795,
          2102045.6588245425
        ],
        [
          284859.5315789474,
          2101991.9786839085
        ],
        [
          286299.76887980156,
          2100927.4127933416
        ],
        [
          287192.12108536717,
          2100297.1701597665
        ],
        [
          287985.97136715654,
          2099791.2733880114
        ],
        [
          289040.61245495366,
          2099358.443436894
        ],
        [
          289600.10380359716,
          2099118.546780426
        ],
        [
          289694.05022133235,
          2099027.4891152997
        ],
        [
          290647.7151770402,
          2097940.924371831
        ],
        [
          292724.5,
          2095160.0
        ]
      ]
    },
    {
      "rank": 3,
      "fitness": 12952253.134224426,
      "cut_volume_m3": 36421.80078125,
      "fill_volume_m3": 147965.234375,
      "environmental_score": 31.047533052061855,
      "path": [
        [
          274045.2,
          2101744.5
        ],
        [
          274681.6091913289,
          2101601.069516445
        ],
        [
          275088.84868388675,
          2101490.64856528
        ],
        [
          277589.7378918459,
          2101604.149731999
        ],
        [
          278194.2450436865,
          2101722.8445410016
        ],
        [
          279764.75970209314,
          2102313.794776333
        ],
        [
          280463.4359286208,
          2102578.468025408
        ],
        [
          281055.80640486575,
          2102734.959372974
        ],
        [
          281153.39576185466,
          2102798.6135395817
        ],
        [
          281153.39576185466,
          2102795.1714860904
        ],
        [
          284645.60956290795,
          2102045.6588245425
        ],
        [
          284859.5315789474,
          2101991.9786839085
        ],
        [
          286299.76887980156,
          2100927.4127933416
        ],
        [
          287192.12108536717,
          2100297.1701597665
        ],
        [
          288423.6051898708,
          2099709.6606610324
        ],
        [
          289040.61245495366,
          2099358.443436894
        ],
        [
          289600.10380359716,
          2099118.546780426
        ],
        [
          289694.05022133235,
          2099027.4891152997
        ],
        [
          290647.7151770402,
          2097940.924371831
        ],
        [
          292724.5,
          2095160.0
        ]
      ]
    },
    {
      "rank": 4,
      "fitness": 12953773.37235213,
      "cut_volume_m3": 36418.81640625,
      "fill_volume_m3": 148277.765625,
      "environmental_score": 31.272551806733624,