{
  "optimization_summary": {
    "best_fitness": 41721583.13937517
  },
  "optimal_plan": {
    "fitness": 41721583.13937517,
    "cut_volume_m3": 2159454.0,
    "fill_volume_m3": 218154.1875,
    "environmental_score": 38.04699951083078,
    "path": [
      [
        250937.56395,
        2117052.4699250218
      ],
      [
        257183.03200318178,
        2120094.8395392
      ],
      [
        258848.96353661767,
        2120930.851690549
      ],
      [
        261863.51918405542,
        2122083.0397639344
      ],
      [
        270587.99434245465,
        2124948.2958363635
      ],
      [
        270587.99434245465,
        2124961.120135323
      ],
      [
        270766.9218113642,
        2125015.6668283427
      ],
      [
        277270.2022501149,
        2126549.6771155475
      ],
      [
        278664.84758717427,
        2126794.3987707007
      ],
      [
        279327.2314022517,
        2126832.215113207
      ],
      [
        281341.3104606919,
        2126362.5741297826
      ],
      [
        288209.95673858,
        2125610.3067421513
      ],
      [
        294504.7076516764,
        2124885.8707047435
      ],
      [
        294874.76626783225,
        2124746.770303419
      ],
      [
        298759.4302714963,
        2123627.4103148733
      ],
      [
        301333.6944920484,
        2122952.7383367782
      ],
      [
        303486.07754882,
        2122352.332750092
      ],
      [
        310740.0090207253,
        2120680.2836782793
      ],
      [
        313129.4959899971,
        2120102.0701681017
      ],
      [
        318483.59795,
        2118817.181323788
      ]
    ]
  },
  "top_5_alignments": [
    {
      "rank": 1,
      "fitness": 41721583.13937517,
      "cut_volume_m3": 2159454.0,
      "fill_volume_m3": 218154.1875,
      "environmental_score": 38.04699951083078,
      "path": [
        [
          250937.56395,
          2117052.4699250218
        ],
        [
          257183.03200318178,
          2120094.8395392
        ],
        [
          258848.96353661767,
          2120930.851690549
        ],
        [
          261863.51918405542,
          2122083.0397639344
        ],
        [
          270587.99434245465,
          2124948.2958363635
        ],
        [
          270587.99434245465,
          2124961.120135323
        ],
        [
          270766.9218113642,
          2125015.6668283427
        ],
        [
          277270.2022501149,
          2126549.6771155475
        ],
        [
          278664.84758717427,
          2126794.3987707007
        ],
        [
          279327.2314022517,
          2126832.215113207
        ],
        [
          281341.3104606919,
          2126362.5741297826
        ],
        [
          288209.95673858,
          2125610.3067421513
        ],
        [
          294504.7076516764,
          2124885.8707047435
        ],
        [
          294874.76626783225,
          2124746.770303419
        ],
        [
          298759.4302714963,
          2123627.4103148733
        ],
        [
          301333.6944920484,
          2122952.7383367782
        ],
        [
          303486.07754882,
          2122352.332750092
        ],
        [
          310740.0090207253,
          2120680.2836782793
        ],
        [
          313129.4959899971,
          2120102.0701681017
        ],
        [
          318483.59795,
          2118817.181323788
        ]
      ]
    },
    {
      "rank": 2,
      "fitness": 41721686.63441499,
      "cut_volume_m3": 2173163.25,
      "fill_volume_m3": 218153.703125,
      "environmental_score": 38.104277995823466,
      "path": [
        [
          250937.56395,
          2117052.4699250218
        ],
        [
          257183.03200318178,
          2120094.8395392
        ],
        [
          258848.96353661767,
          2120930.851690549
        ],
        [
          261863.51918405542,
          2122083.0397639344
        ],
        [
          270587.99434245465,
          2124948.2958363635
        ],
        [
          270587.99434245465,
          2124961.120135323
        ],
        [
          270766.9218113642,
          2125015.6668283427
        ],
        [
          277270.2022501149,
          2126549.6771155475
        ],
        [
          278664.84758717427,
          2126794.3987707007
        ],
        [
          279327.2314022517,
          2126832.215113207
        ],
        [
          281341.3104606919,
          2126362.5741297826
        ],
        [
          288209.95673858,
          2125610.3067421513
        ],
        [
          294504.7076516764,
          2124885.8707047435
        ],
        [
          294874.76626783225,
          2124746.770303419
        ],
        [
          298759.4302714963,
          2123627.4103148733
        ],
        [
          301333.6944920484,
          2122952.7383367782
        ],
        [
          303486.07754882,
          2122352.332750092
        ],
        [
          310740.0090207253,
          2120680.2836782793
        ],
        [
          311348.43135404965,
          2120526.171566501
        ],
        [
          318483.59795,
          2118817.181323788
        ]
      ]
    },
    {
      "rank": 3,
      "fitness": 41721708.67441738,
      "cut_volume_m3": 2173163.5,
      "fill_volume_m3": 218100.90625,
      "environmental_score": 38.10427924406137,
      "path": [
        [
          250937.56395,
          2117052.4699250218
        ],
        [
          257183.03200318178,
          2120094.8395392
        ],
        [
          258848.96353661767,
          2120930.851690549
        ],
        [
          261863.51918405542,
          2122083.0397639344
        ],
        [
          270587.99434245465,
          2124948.2958363635
        ],
        [
          270587.99434245465,
          2124961.120135323
        ],
        [
          270766.9218113642,
          2125015.6668283427
        ],
        [
          277270.2022501149,
          2126549.6771155475
        ],
        [
          278664.84758717427,
          2126794.3987707007
        ],
        [
          279327.2314022517,
          2126832.215113207
        ],
        [
          281341.3104606919,
          2126362.5741297826
        ],
        [
          288467.74880110373,
          2125587.204338364
        ],
        [
          294504.7076516764,
          2124885.8707047435
        ],
        [
          294874.76626783225,
          2124746.770303419
        ],
        [
          298759.4302714963,
          2123627.4103148733
        ],
        [
          301333.6944920484,
          2122952.7383367782
        ],
        [
          303486.07754882,
          2122352.332750092
        ],
        [
          310740.0090207253,
          2120680.2836782793
        ],
        [
          311348.43135404965,
          2120526.171566501
        ],
        [
          318483.59795,
          2118817.181323788
        ]
      ]
    },
    {
      "rank": 4,
      "fitness": 41721880.81224819,
      "cut_volume_m3": 2178314.5,
      "fill_volume_m3": 217194.421875,
      "environmental_score": 38.09408062200223,