{
    "runways": [
        {
            "id": 1,
            "center_x": 1500.0,
            "center_y": 307.3967788133973,
            "length": 2800,
            "width": 60
        }
    ],
    "taxiway": {
        "side": "top",
        "offset": 180
    },
    "terminals": [
        {
            "id": 1,
            "footprint_x": 1300.2092239501712,
            "footprint_y": 486.12925998648905,
            "width": 400,
            "height": 200
        }
    ]
}