{
    "runways": [
        {
            "id": 1,
            "center_x": 1500.0,
            "center_y": 453.89824500115986,
            "length": 2800,
            "width": 60
        }
    ],
    "taxiway": {
        "side": "top",
        "offset": 180
    },
    "terminals": [
        {
            "id": 1,
            "footprint_x": 1301.4246894015478,
            "footprint_y": 633.8982450011599,
            "width": 400,
            "height": 200
        }
    ]
}