{
  "optimization_summary": {
    "best_fitness": 12795343.729761314
  },
  "optimal_plan": {
    "fitness": 12795343.729761314,
    "cut_volume_m3": 46111.796875,
    "fill_volume_m3": 146850.875,
    "environmental_score": 41.710223451508895,
    "path": [
      [
        274045.2,
        2101744.5
      ],
      [
        276160.0232480594,
        2100807.756166243
      ],
      [
        276639.09820543753,
        2100517.336328893
      ],
      [
        277272.71411612106,
        2100076.339830784
      ],
      [
        278511.29621239187,
        2099269.469735607
      ],
      [
        280212.58659241244,
        2098371.2583833807
      ],
      [
        282540.7695316127,
        2097189.7929425463
      ],
      [
        282540.7695316127,
        2097186.653868015
      ],
      [
        282541.15940167214,
        2097191.39746264
      ],
      [
        283001.2563115706,
        2097637.718830736
      ],
      [
        283298.02263759496,
        2097823.668146801
      ],
      [
        286148.04259918135,
        2098679.1837311927
      ],
      [
        286148.04259918135,
        2098678.989846532
      ],
      [
        286616.8791778903,
        2098262.2083898964
      ],
      [
        287818.4963385746,
        2097362.4679692164
      ],
      [
        289351.2974347529,
        2096247.8726315706
      ],
      [
        289991.8036070639,
        2095779.445513021
      ],
      [
        289991.8036070639,
        2095738.9432204321
      ],
      [
        291940.25404481386,
        2095272.488160623
      ],
      [
        292724.5,
        2095160.0
      ]
    ]
  },
  "top_5_alignments": [
    {
      "rank": 1,
      "fitness": 12795343.729761314,
      "cut_volume_m3": 46111.796875,
      "fill_volume_m3": 146850.875,
      "environmental_score": 41.710223451508895,
      "path": [
        [
          274045.2,
          2101744.5
        ],
        [
          276160.0232480594,
          2100807.756166243
        ],
        [
          276639.09820543753,
          2100517.336328893
        ],
        [
          277272.71411612106,
          2100076.339830784
        ],
        [
          278511.29621239187,
          2099269.469735607
        ],
        [
          280212.58659241244,
          2098371.2583833807
        ],
        [
          282540.7695316127,
          2097189.7929425463
        ],
        [
          282540.7695316127,
          2097186.653868015
        ],
        [
          282541.15940167214,
          2097191.39746264
        ],
        [
          283001.2563115706,
          2097637.718830736
        ],
        [
          283298.02263759496,
          2097823.668146801
        ],
        [
          286148.04259918135,
          2098679.1837311927
        ],
        [
          286148.04259918135,
          2098678.989846532
        ],
        [
          286616.8791778903,
          2098262.2083898964
        ],
        [
          287818.4963385746,
          2097362.4679692164
        ],
        [
          289351.2974347529,
          2096247.8726315706
        ],
        [
          289991.8036070639,
          2095779.445513021
        ],
        [
          289991.8036070639,
          2095738.9432204321
        ],
        [
          291940.25404481386,
          2095272.488160623
        ],
        [
          292724.5,
          2095160.0
        ]
      ]
    },
    {
      "rank": 2,
      "fitness": 12795565.703685127,
      "cut_volume_m3": 46111.765625,
      "fill_volume_m3": 146916.0,
      "environmental_score": 41.78647664433475,
      "path": [
        [
          274045.2,
          2101744.5
        ],
        [
          276160.0232480594,
          2100807.756166243
        ],
        [
          276275.24789842375,
          2100744.2831185586
        ],
        [
          277272.71411612106,
          2100076.339830784
        ],
        [
          278511.29621239187,
          2099269.469735607
        ],
        [
          280212.58659241244,
          2098371.2583833807
        ],
        [
          282540.7695316127,
          2097189.7929425463
        ],
        [
          282540.7695316127,
          2097186.653868015
        ],
        [
          282541.15940167214,
          2097191.39746264
        ],
        [
          283001.2563115706,
          2097637.718830736
        ],
        [
          283298.02263759496,
          2097823.668146801
        ],
        [
          286148.04259918135,
          2098679.1837311927
        ],
        [
          286148.04259918135,
          2098678.989846532
        ],
        [
          286616.8791778903,
          2098262.2083898964
        ],
        [
          287818.4963385746,
          2097362.4679692164
        ],
        [
          289351.2974347529,
          2096247.8726315706
        ],
        [
          289991.8036070639,
          2095779.445513021
        ],
        [
          289991.8036070639,
          2095738.9432204321
        ],
        [
          291940.25404481386,
          2095272.488160623
        ],
        [
          292724.5,
          2095160.0
        ]
      ]
    },
    {
      "rank": 3,
      "fitness": 12797674.5549557,
      "cut_volume_m3": 46112.2578125,
      "fill_volume_m3": 147275.46875,
      "environmental_score": 41.78635874547654,
      "path": [
        [
          274045.2,
          2101744.5
        ],
        [
          276160.0232480594,
          2100807.756166243
        ],
        [
          276275.24789842375,
          2100744.2831185586
        ],
        [
          277272.71411612106,
          2100076.339830784
        ],
        [
          278147.4148251167,
          2099451.2312272014
        ],
        [
          280212.58659241244,
          2098371.2583833807
        ],
        [
          282540.7695316127,
          2097189.7929425463
        ],
        [
          282540.7695316127,
          2097186.653868015
        ],
        [
          282541.15940167214,
          2097191.39746264
        ],
        [
          283001.2563115706,
          2097637.718830736
        ],
        [
          283298.02263759496,
          2097823.668146801
        ],
        [
          286148.04259918135,
          2098679.1837311927
        ],
        [
          286148.04259918135,
          2098678.989846532
        ],
        [
          286616.8791778903,
          2098262.2083898964
        ],
        [
          287818.4963385746,
          2097362.4679692164
        ],
        [
          289351.2974347529,
          2096247.8726315706
        ],
        [
          289991.8036070639,
          2095779.445513021
        ],
        [
          289991.8036070639,
          2095738.9432204321
        ],
        [
          291940.25404481386,
          2095272.488160623
        ],
        [
          292724.5,
          2095160.0
        ]
      ]
    },
    {
      "rank": 4,
      "fitness": 12800363.474707032,
      "cut_volume_m3": 46112.953125,
      "fill_volume_m3": 146935.5,
      "environmental_score": 41.70895819915862,